[
  {
    "templateId": "tuying",
    "name": "中后台模板",
    "preview": "previewId=tuying",
    "image": "https://gw.alipayobjects.com/mdn/rms_ae7ad9/afts/img/A*NLz5QayvKkkAAAAAAAAAAABkARQnAQ",
    "type": "edit"
  },
  {
    "templateId": "template",
    "name": "基础模板",
    "preview": "previewId=template",
    "image": "https://gw.alipayobjects.com/zos/rmsportal/zoItfYZBNMHPvqZDxuda.jpg",
    "type": "edit"
  },
  {
    "templateId": "seeconf",
    "name": "seeconf 官网",
    "preview": "previewId=seeconf",
    "image": "https://gw.alipayobjects.com/zos/rmsportal/GnDiHuTNxcXpSaJxhmRl.jpg",
    "type": "edit"
  },
  {
    "name": "ant design 3.0 官网",
    "preview": "https://ant.design",
    "image": "https://gw.alipayobjects.com/zos/rmsportal/JhuPtNExKmpFjYKxBSZg.jpg",
    "git": "https://github.com/ant-motion/ant-design-3.x-landing-page",
    "type": "download"
  },
  {
    "name": "ant design 2.0 官网",
    "preview": "https://2x.ant.design",
    "image": "https://gw.alipayobjects.com/zos/rmsportal/IAOVGEvUbXKkvHUdcsST.jpg",
    "git": "https://github.com/ant-motion/ant-design-2.x-landing-page",
    "type": "download"
  },
  {
    "name": "ant design pro",
    "preview": "https://pro.ant.design",
    "image": "https://gw.alipayobjects.com/zos/rmsportal/EwXsayDEbwmmFCClevXP.jpg",
    "git": "https://github.com/ant-motion/ant-design-pro-landing-page",
    "type": "download"
  },
  {
    "name": "蚂蚁体验云",
    "preview": "http://xtech.antfin.com/",
    "image": "https://gw.alipayobjects.com/zos/rmsportal/QoEgoVmDmMZsscHCJMBv.jpg",
    "git": "https://github.com/ant-motion/experience-cloud-landing-page",
    "type": "download"
  },
  {
    "name": "ant-v",
    "preview": "http://antv.alipay.com/zh-cn/index.html",
    "image": "https://gw.alipayobjects.com/zos/rmsportal/JokhYKVmjqZUGbfBbYIG.jpg",
    "git": "https://github.com/ant-motion/ant-v-landing-page",
    "type": "download"
  },
  {
    "name": "云凤蝶v1.0",
    "preview": "https://ant-motion.github.io/fengdie-landing-page/",
    "image": "https://gw.alipayobjects.com/zos/rmsportal/jxSNAdLwmDRPwqrftuIv.jpg",
    "git": "https://github.com/ant-motion/fengdie-landing-page",
    "type": "download"
  }
]